state,registrations_0_to_5,registrations_5_to_17,registrations_18_and_above,total_enrolments,age_0_5_percentage,age_5_17_percentage,age_18_plus_percentage,gap_0_5,gap_5_17,at_risk_0_5,at_risk_5_17
arunachal pradesh,1914,2176,150,4240,45.14150943396226,51.320754716981135,3.5377358490566038,20.019160067625585,-19.60387668174283,True,False
bihar,254911,327043,11799,593753,42.93216202697081,55.08064801356794,1.9871899594612572,22.22850747461704,-23.363769978329632,True,False
manipur,5044,7895,260,13199,38.21501628911281,59.81513751041746,1.9698462004697326,26.945653212475037,-28.09825947517915,True,False
meghalaya,21072,53089,35078,109239,19.289814077389945,48.59894360072868,32.11124232188138,45.8708554241979,-16.882065565490375,True,False
nagaland,4453,9856,1120,15429,28.86123533605548,63.87970704517467,7.259057618769848,36.29943416553237,-32.16282900993636,True,False
unknown,0,1,213,214,0.0,0.46728971962616817,99.53271028037383,65.16066950158785,31.249588315612137,True,True
